{"cameraMode":{"drawMode":0,"name":"Shaded","section":"Shading Mode"},"sceneLighting":true,"audioPlay":false,"sceneViewState":{"showFog":true,"showMaterialUpdate":true,"showSkybox":false,"showFlares":true,"showImageEffects":true,"showParticleSystems":true},"in2DMode":false,"pivot":{"x":-9.825630187988282,"y":-10.550105094909668,"z":1.567586064338684},"rotation":{"x":-0.17575176060199738,"y":0.6681048274040222,"z":-0.1669050008058548,"w":-0.7035001516342163},"size":57.34748077392578,"orthographic":false}