{"cameraMode":{"drawMode":0,"name":"Shaded","section":"Shading Mode"},"sceneLighting":true,"audioPlay":false,"sceneViewState":{"showFog":true,"showMaterialUpdate":true,"showSkybox":false,"showFlares":true,"showImageEffects":true,"showParticleSystems":true},"in2DMode":false,"pivot":{"x":6.811923027038574,"y":11.205061912536621,"z":9.65962028503418},"rotation":{"x":-0.10172095894813538,"y":0.8981050848960877,"z":-0.2929554581642151,"w":-0.3118436932563782},"size":62.9106559753418,"orthographic":false}