{"cameraMode":{"drawMode":0,"name":"Shaded","section":"Shading Mode"},"sceneLighting":true,"audioPlay":false,"sceneViewState":{"showFog":true,"showMaterialUpdate":true,"showSkybox":false,"showFlares":true,"showImageEffects":true,"showParticleSystems":true},"in2DMode":false,"pivot":{"x":15.70832633972168,"y":8.37246036529541,"z":7.914884090423584},"rotation":{"x":0.053388457745313647,"y":0.8354533910751343,"z":-0.08248614519834519,"w":0.5408150553703308},"size":82.52371215820313,"orthographic":false}