{"cameraMode":{"drawMode":0,"name":"Shaded","section":"Shading Mode"},"sceneLighting":false,"audioPlay":false,"sceneViewState":{"showFog":true,"showMaterialUpdate":true,"showSkybox":false,"showFlares":true,"showImageEffects":true,"showParticleSystems":true},"in2DMode":false,"pivot":{"x":-149.301513671875,"y":22.58185386657715,"z":9.583412170410157},"rotation":{"x":0.043071284890174869,"y":0.8128337264060974,"z":-0.060597389936447147,"w":0.5778343677520752},"size":4.482694149017334,"orthographic":false}