{"cameraMode":{"drawMode":0,"name":"Shaded","section":"Shading Mode"},"sceneLighting":true,"audioPlay":false,"sceneViewState":{"showFog":true,"showMaterialUpdate":true,"showSkybox":false,"showFlares":true,"showImageEffects":true,"showParticleSystems":true},"in2DMode":false,"pivot":{"x":-10.50000286102295,"y":14.80000114440918,"z":3.8868846893310549},"rotation":{"x":0.025124993175268174,"y":0.7041572332382202,"z":-0.024943305179476739,"w":0.7092428803443909},"size":149.8778533935547,"orthographic":false}