{"cameraMode":{"drawMode":0,"name":"Shaded","section":"Shading Mode"},"sceneLighting":false,"audioPlay":false,"sceneViewState":{"showFog":true,"showMaterialUpdate":true,"showSkybox":false,"showFlares":true,"showImageEffects":true,"showParticleSystems":true},"in2DMode":false,"pivot":{"x":-149.301513671875,"y":22.985698699951173,"z":16.005971908569337},"rotation":{"x":0.06440749019384384,"y":0.7597912549972534,"z":-0.07616780698299408,"w":0.6425613760948181},"size":9.42332649230957,"orthographic":false}